Campaign,Ad Group,Keyword,Match Type,Final URL
DogShow - Google Search Trial,Dog Photo Contest,dog photo contest,Phrase,https://dogshow.lol/dog-photo-contest
DogShow - Google Search Trial,Dog Photo Contest,dog picture contest,Phrase,https://dogshow.lol/dog-photo-contest
DogShow - Google Search Trial,Dog Photo Contest,online dog photo contest,Phrase,https://dogshow.lol/dog-photo-contest
DogShow - Google Search Trial,Dog Photo Contest,photo contest for dogs,Phrase,https://dogshow.lol/dog-photo-contest
DogShow - Google Search Trial,Dog Photo Contest,enter dog in photo contest,Phrase,https://dogshow.lol/dog-photo-contest
DogShow - Google Search Trial,Dog Photo Contest,best dog photo contest,Phrase,https://dogshow.lol/dog-photo-contest
DogShow - Google Search Trial,Dog Photo Contest,cute dog photo contest,Phrase,https://dogshow.lol/dog-photo-contest
DogShow - Google Search Trial,Dog Photo Contest,dog photo contest,Exact,https://dogshow.lol/dog-photo-contest
DogShow - Google Search Trial,Dog Photo Contest,online dog photo contest,Exact,https://dogshow.lol/dog-photo-contest
DogShow - Google Search Trial,Dog Photo Contest,enter dog photo contest,Exact,https://dogshow.lol/dog-photo-contest
DogShow - Google Search Trial,Cutest Dog Contest,cutest dog contest,Phrase,https://dogshow.lol/cutest-dog-contest
DogShow - Google Search Trial,Cutest Dog Contest,cutest puppy contest,Phrase,https://dogshow.lol/cutest-dog-contest
DogShow - Google Search Trial,Cutest Dog Contest,cute dog contest,Phrase,https://dogshow.lol/cutest-dog-contest
DogShow - Google Search Trial,Cutest Dog Contest,cutest dog competition,Phrase,https://dogshow.lol/cutest-dog-contest
DogShow - Google Search Trial,Cutest Dog Contest,cutest dog in the world,Phrase,https://dogshow.lol/cutest-dog-contest
DogShow - Google Search Trial,Cutest Dog Contest,cute dog of the year,Phrase,https://dogshow.lol/cutest-dog-contest
DogShow - Google Search Trial,Cutest Dog Contest,cutest dog contest,Exact,https://dogshow.lol/cutest-dog-contest
DogShow - Google Search Trial,Cutest Dog Contest,cutest puppy contest,Exact,https://dogshow.lol/cutest-dog-contest
DogShow - Google Search Trial,Cutest Dog Contest,cute dog contest,Exact,https://dogshow.lol/cutest-dog-contest
DogShow - Google Search Trial,Puppy Picture Contest,puppy picture contest,Phrase,https://dogshow.lol/puppy-picture-contest
DogShow - Google Search Trial,Puppy Picture Contest,puppy photo contest,Phrase,https://dogshow.lol/puppy-picture-contest
DogShow - Google Search Trial,Puppy Picture Contest,puppy contest online,Phrase,https://dogshow.lol/puppy-picture-contest
DogShow - Google Search Trial,Puppy Picture Contest,online puppy contest,Phrase,https://dogshow.lol/puppy-picture-contest
DogShow - Google Search Trial,Puppy Picture Contest,cute puppy contest,Phrase,https://dogshow.lol/puppy-picture-contest
DogShow - Google Search Trial,Puppy Picture Contest,enter puppy contest,Phrase,https://dogshow.lol/puppy-picture-contest
DogShow - Google Search Trial,Puppy Picture Contest,puppy picture contest,Exact,https://dogshow.lol/puppy-picture-contest
DogShow - Google Search Trial,Puppy Picture Contest,puppy photo contest,Exact,https://dogshow.lol/puppy-picture-contest
DogShow - Google Search Trial,Dog Show Near Me,dog show near me,Phrase,https://dogshow.lol/dog-show-near-me
DogShow - Google Search Trial,Dog Show Near Me,dog show online,Phrase,https://dogshow.lol/dog-show-near-me
DogShow - Google Search Trial,Dog Show Near Me,online dog show,Phrase,https://dogshow.lol/dog-show-near-me
DogShow - Google Search Trial,Dog Show Near Me,virtual dog show,Phrase,https://dogshow.lol/dog-show-near-me
DogShow - Google Search Trial,Dog Show Near Me,live dog show,Phrase,https://dogshow.lol/dog-show-near-me
DogShow - Google Search Trial,Dog Show Near Me,dog show today,Phrase,https://dogshow.lol/dog-show-near-me
DogShow - Google Search Trial,Dog Show Near Me,watch dog show online,Phrase,https://dogshow.lol/dog-show-near-me
DogShow - Google Search Trial,Dog Show Near Me,dog show near me,Exact,https://dogshow.lol/dog-show-near-me
DogShow - Google Search Trial,Dog Show Near Me,online dog show,Exact,https://dogshow.lol/dog-show-near-me
DogShow - Google Search Trial,Dog Show Near Me,virtual dog show,Exact,https://dogshow.lol/dog-show-near-me
